chr,snp,ref,alt,FOXR,RILY,LSRF,PSTG,MENO,WTFB,NMNL,BBDN,MNST,NAUB,EPFT,CXVL,LTTV,EKRP,GOOD,IGPT,MSKG,pos,chr_pos
4,1756250:65:-,G,C,0.428571,0.269231,0.410256,0.285714,0.373737,0.365854,0.37069,0.398438,0.328125,0.730769,0.465517,0.658537,0.8,0.433333,0.545455,0.705882,0.547619,51744218,4_51744218
4,1757556:195:-,T,G,0.5,0.59375,0.472973,0.5625,0.557018,0.597826,0.547619,0.548193,0.567568,0.342857,0.382979,0.261364,0.0909091,0.416667,0.368421,0.114286,0.357143,53078223,4_53078223
4,1758010:117:-,A,T,0.44186,0.4,0.5,0.625,0.552632,0.602564,0.521739,0.601449,0.606061,0.444444,0.388889,0.333333,0.666667,0.307692,0.352941,0.189655,0.375,53659307,4_53659307
4,1758017:203:+,G,A,0.478022,0.464286,0.453125,0.625,0.559633,0.602273,0.5625,0.660494,0.569444,0.37931,0.459459,0.302326,0.333333,0.21875,0.366667,0.191176,0.395833,53664794,4_53664794
4,1758225:123:-,C,G,0.409639,0.357143,0.416667,0.555556,0.393617,0.628205,0.440299,0.543478,0.416667,0.4,0.425926,0.263158,0.214286,0.230769,0.269231,0.140625,0.25,53902497,4_53902497
4,1758225:43:-,A,C,0.470588,0.375,0.487179,0.388889,0.442708,0.333333,0.465278,0.359155,0.439394,0.517241,0.482759,0.705128,0.75,0.571429,0.615385,0.818182,0.65625,53902577,4_53902577
4,1758617:9:+,T,C,0.48913,0.4375,0.5,0.625,0.557018,0.642857,0.537234,0.594118,0.5875,0.416667,0.409091,0.265957,0.25,0.289474,0.264706,0.157895,0.344828,54359190,4_54359190
4,1758792:121:+,T,A,0.52439,0.5,0.445946,0.625,0.568182,0.635417,0.525,0.59375,0.647059,0.397059,0.455882,0.284091,0.125,0.416667,0.25,0.166667,0.361111,54553982,4_54553982
4,1758875:92:+,T,G,0.516667,0.59375,0.5,0.611111,0.575893,0.608696,0.516129,0.60625,0.555556,0.370968,0.416667,0.25,0.2,0.368421,0.3125,0.166667,0.28,54620547,4_54620547
4,1759025:215:-,G,A,0.527473,0.533333,0.452381,0.666667,0.565217,0.625,0.516667,0.595238,0.602564,0.371429,0.435897,0.26087,0.125,0.35,0.264706,0.147059,0.351852,54763508,4_54763508
4,1759176:86:-,G,C,0.469512,0.392857,0.542857,0.3125,0.43617,0.368421,0.462687,0.382812,0.469697,0.521739,0.58,0.735294,0.8125,0.5,0.681818,0.818182,0.694444,54890611,4_54890611
4,1759706:199:-,T,G,0.482955,0.535714,0.4,0.6875,0.518519,0.5,0.528736,0.519481,0.513158,0.428571,0.435897,0.243902,0.125,0.394737,0.266667,0.161765,0.363636,55505021,4_55505021
7,1892370:116:+,A,G,0.307692,0.3,0.355263,0.277778,0.311966,0.397959,0.344086,0.202381,0.166667,0.285714,0.290698,0.208333,0.1,0.5,0.382353,0.291667,0.68,4370573,7_4370573
7,1892413:162:+,G,C,0.472527,0.5,0.388889,0.5,0.438053,0.34,0.415584,0.457317,0.441176,0.5625,0.475,0.673913,0.681818,0.421053,0.472222,0.527778,0.196429,4408191,7_4408191
7,1892577:19:+,A,G,0.323864,0.3125,0.318182,0.25,0.319048,0.406977,0.360759,0.211538,0.105263,0.279412,0.25,0.227273,0.111111,0.392857,0.352941,0.319444,0.730769,4579836,7_4579836
7,1892577:50:+,T,A,0.267045,0.323529,0.328571,0.1875,0.283019,0.345238,0.314103,0.193333,0.115385,0.220588,0.25,0.227273,0.15,0.392857,0.3125,0.291667,0.673913,4579867,7_4579867
7,1892651:130:+,G,T,0.255435,0.291667,0.294118,0.142857,0.289916,0.33,0.317708,0.201149,0.118421,0.264706,0.23913,0.214286,0.0909091,0.452381,0.342105,0.263889,0.62069,4666766,7_4666766
7,1892972:120:+,T,C,0.419355,0.411765,0.432432,0.285714,0.397321,0.4375,0.410112,0.30625,0.195122,0.323529,0.329268,0.271739,0.136364,0.555556,0.388889,0.375,0.740741,4975092,7_4975092
7,1893136:141:-,A,C,0.227778,0.266667,0.325,0.142857,0.269912,0.290698,0.284884,0.171053,0.128205,0.185185,0.222222,0.158537,0.166667,0.392857,0.305556,0.223684,0.617647,5138102,7_5138102
7,1893280:59:-,G,A,0.214286,0.321429,0.230769,0.1875,0.211207,0.21,0.222826,0.136905,0.0625,0.138889,0.152174,0.117021,0.05,0.428571,0.305556,0.166667,0.5,5272791,7_5272791
7,1893354:169:-,C,G,0.221591,0.34375,0.27027,0.1875,0.269912,0.27,0.25,0.14,0.128205,0.117647,0.217949,0.154762,0,0.404762,0.294118,0.189189,0.452381,5364466,7_5364466
7,1893675:164:-,T,A,0.147059,0.230769,0.153846,0.0625,0.121495,0.2125,0.12987,0.06,0.0441176,0.0576923,0.025,0.0657895,0,0.176471,0.25,0.0571429,0.3,5694977,7_5694977
7,1893675:25:-,G,A,0.175824,0.21875,0.162162,0.0625,0.134783,0.191489,0.159341,0.077381,0.0526316,0.0666667,0.0465116,0.0581395,0,0.142857,0.25,0.0714286,0.351852,5695116,7_5695116
7,1893720:54:+,G,A,0.163043,0.205882,0.1875,0.0625,0.121739,0.177778,0.162791,0.0625,0.0731707,0.0694444,0.0487805,0.0520833,0.0454545,0.15,0.25,0.0882353,0.346154,5729186,7_5729186
7,1893720:69:+,A,G,0.151685,0.1875,0.106061,0.0625,0.115044,0.159091,0.148148,0.0632911,0.0512821,0.0441176,0.0375,0.0520833,0.0454545,0.111111,0.25,0.0882353,0.318182,5729201,7_5729201
7,1893726:190:+,A,C,0.175532,0.21875,0.178571,0.111111,0.159664,0.21875,0.175,0.0862069,0.0789474,0.0833333,0.0697674,0.0531915,0.05,0.152174,0.28125,0.0921053,0.416667,5738183,7_5738183
7,1893726:229:+,C,A,0.168478,0.235294,0.223684,0.111111,0.153846,0.208333,0.150538,0.0764706,0.0540541,0.0735294,0.0384615,0.0543478,0.05,0.157895,0.233333,0.0945946,0.365385,5738222,7_5738222
7,1893742:17:+,A,C,0.15,0.1,0.1375,0.125,0.123894,0.183673,0.130682,0.0875,0.0540541,0.0757576,0.0487805,0.0425532,0,0.125,0.214286,0.0810811,0.357143,5757317,7_5757317
7,1893742:64:+,C,T,0.15,0.1,0.128205,0.125,0.110092,0.183673,0.103659,0.0769231,0.0416667,0.0625,0.0375,0.0425532,0,0.125,0.166667,0.0810811,0.333333,5757364,7_5757364
7,1893943:16:+,G,C,0.45,0.392857,0.421053,0.4375,0.421739,0.556818,0.43038,0.467105,0.423077,0.296875,0.242857,0.174419,0.214286,0.380952,0.53125,0.27027,0.6,5945089,7_5945089
7,1894224:67:+,G,T,0.303191,0.40625,0.394737,0.388889,0.331897,0.173469,0.289773,0.31875,0.435897,0.467742,0.5,0.586957,0.7,0.309524,0.3,0.430556,0.15625,6241381,7_6241381
7,1894338:233:+,G,A,0.0913978,0.1875,0.0641026,0.0555556,0.0798319,0.14,0.0816327,0.0730337,0.0875,0.0555556,0.0108696,0.0204082,0.0454545,0.136364,0.235294,0.0526316,0.25,6363019,7_6363019
7,1894373:121:-,T,C,0.419355,0.411765,0.434211,0.444444,0.427966,0.57,0.418478,0.475309,0.416667,0.274194,0.27907,0.159574,0.0909091,0.363636,0.527778,0.27027,0.637931,6395670,7_6395670
7,1894422:118:+,T,A,0.219101,0.1,0.129032,0.125,0.189076,0.186047,0.210526,0.0764706,0.0897436,0.111111,0.108696,0.0816327,0.0454545,0.190476,0.315789,0.1,0.5,6461474,7_6461474
7,1894422:119:+,A,T,0.438889,0.444444,0.451613,0.444444,0.466102,0.581395,0.456989,0.470588,0.448718,0.257143,0.27907,0.163043,0.15,0.289474,0.5,0.3125,0.616667,6461475,7_6461475
10,104049:37:-,G,A,0.0851064,0.0882353,0.116279,0.0555556,0.0901639,0.06,0.10396,0.0898876,0.119048,0.375,0.25,0.585106,0.7,0.195652,0.368421,0.0394737,0.227273,15541885,10_15541885
10,104301:87:+,G,T,0.471591,0.5,0.416667,0.5,0.517857,0.457447,0.40625,0.386076,0.3375,0.291667,0.397727,0.166667,0.181818,0.636364,0.361111,0.621622,0.482143,15778120,10_15778120
10,104441:83:+,T,C,0.138889,0.0588235,0.1375,0,0.116379,0.0833333,0.0792683,0.107143,0.128571,0.28,0.16129,0.575758,0.642857,0.205882,0.366667,0.0405405,0.175,15877561,10_15877561
10,104467:232:-,G,A,0.144444,0.0294118,0.121622,0.1875,0.122727,0.114583,0.0897436,0.0925926,0.128205,0.344828,0.225,0.609756,0.666667,0.190476,0.34375,0.0405405,0.25,15893915,10_15893915
10,104467:92:-,A,C,0.148936,0.0294118,0.157895,0.1875,0.122727,0.114583,0.0882353,0.10241,0.1375,0.371429,0.227273,0.62766,0.6,0.190476,0.375,0.0405405,0.240741,15894055,10_15894055
10,104506:17:-,A,G,0.138554,0.0625,0.1,0.125,0.0989011,0.0833333,0.0785714,0.0390625,0.114286,0.240741,0.112903,0.615385,0.5,0.15625,0.25,0.0277778,0.217391,15922066,10_15922066
10,104506:60:-,A,G,0.138554,0.0625,0.111111,0.125,0.0978261,0.0731707,0.0785714,0.0390625,0.114286,0.25,0.112903,0.611111,0.5,0.15625,0.25,0.0277778,0.217391,15922023,10_15922023
10,104506:66:-,C,T,0.138554,0.0625,0.111111,0.125,0.0978261,0.0833333,0.0785714,0.0390625,0.114286,0.25,0.112903,0.611111,0.5,0.15625,0.25,0.0277778,0.217391,15922017,10_15922017
10,104506:7:-,C,T,0.142857,0.0625,0.141026,0.125,0.0978261,0.0930233,0.0958904,0.0597015,0.144737,0.25,0.112903,0.611111,0.5,0.194444,0.3,0.0405405,0.24,15922076,10_15922076
10,104515:12:+,A,G,0.157609,0.0882353,0.166667,0.111111,0.12605,0.1,0.114943,0.109756,0.146341,0.352941,0.227273,0.593023,0.636364,0.217391,0.388889,0.0416667,0.234375,15929942,10_15929942
10,104515:172:+,T,A,0.153846,0.0882353,0.146341,0.111111,0.115385,0.0918367,0.117284,0.0986842,0.135135,0.362069,0.217949,0.578947,0.6875,0.181818,0.28125,0.0416667,0.270833,15930102,10_15930102
10,104541:38:-,G,A,0.429348,0.441176,0.474359,0.333333,0.461864,0.44,0.415,0.394444,0.304878,0.25,0.380435,0.153061,0.318182,0.630435,0.323529,0.631579,0.560606,15950506,10_15950506
10,104584:103:+,G,A,0.255435,0.25,0.307692,0.357143,0.278261,0.25,0.292135,0.359756,0.328571,0.16129,0.24359,0.0978261,0.0714286,0.138889,0.0625,0.228571,0.103448,16006248,10_16006248
10,104584:123:+,T,C,0.347826,0.321429,0.391892,0.5,0.37069,0.308511,0.394118,0.481481,0.5,0.616667,0.461538,0.8125,0.75,0.357143,0.4375,0.277778,0.339286,16006268,10_16006268
10,104584:81:+,G,A,0.255435,0.25,0.307692,0.357143,0.278761,0.25,0.292135,0.363095,0.323529,0.16129,0.24359,0.0978261,0.0714286,0.138889,0.0588235,0.222222,0.116667,16006226,10_16006226
10,104584:84:+,C,A,0.26087,0.25,0.307692,0.357143,0.280702,0.25,0.297753,0.359756,0.328571,0.16129,0.25,0.0978261,0.0714286,0.147059,0.0588235,0.222222,0.103448,16006229,10_16006229
10,104680:188:-,T,G,0.0698925,0.0588235,0.0789474,0.0555556,0.0737705,0.05,0.0539216,0.0689655,0.0875,0.28125,0.212766,0.556818,0.7,0.181818,0.388889,0.0714286,0.25,16105091,10_16105091
10,104680:46:-,T,G,0.326087,0.375,0.416667,0.5,0.358974,0.3,0.358586,0.426136,0.426829,0.548387,0.477778,0.788889,0.8,0.318182,0.555556,0.3,0.383333,16105233,10_16105233
10,104780:55:+,C,G,0.173913,0.21875,0.179487,0.277778,0.192308,0.18,0.184211,0.224138,0.25,0.53125,0.377778,0.730769,0.666667,0.238095,0.5,0.144737,0.37037,16218197,10_16218197
10,104801:151:+,G,A,0.166667,0.21875,0.179487,0.25,0.184874,0.191489,0.183908,0.223529,0.242857,0.481481,0.329268,0.702703,0.571429,0.227273,0.411765,0.125,0.38,16232940,10_16232940
10,104827:143:-,A,G,0.0744681,0.125,0.0769231,0.111111,0.0826087,0.0612245,0.0989583,0.0697674,0.0875,0.359375,0.2125,0.639535,0.555556,0.2,0.4,0.0757576,0.259259,16254441,10_16254441
10,104827:215:-,C,A,0.554945,0.470588,0.575,0.5,0.535714,0.489583,0.547297,0.537037,0.513158,0.241935,0.432432,0.142857,0.3,0.710526,0.346154,0.757576,0.5,16254369,10_16254369
10,104976:164:+,A,C,0,0,0.128205,0.142857,0.00454545,0.0111111,0,0.0138889,0,0,0,0.2,0.3,0,0,0.0135135,0,16427767,10_16427767
10,106787:99:+,C,T,0.13253,0.09375,0.125,0.0625,0.0695652,0.0714286,0.011236,0.0235294,0.0405405,0.03125,0.0263158,0,0,0,0.0555556,0.0135135,0,18161173,10_18161173
11,184819:53:-,T,G,0.191489,0.09375,0.0609756,0,0.0983607,0.04,0.0833333,0.0561798,0.1,0.0135135,0.0729167,0.0520833,0,0.0869565,0.0833333,0.297297,0.016129,30944071,11_30944071
11,186889:50:+,C,A,0.188889,0.323529,0.1875,0.111111,0.149123,0.102041,0.0736842,0.1,0.075,0.166667,0.177778,0.170213,0.272727,0.404762,0.194444,0.444444,0.0185185,32918478,11_32918478
11,186922:100:-,G,T,0.296703,0.3125,0.3375,0.166667,0.243802,0.21875,0.191489,0.127907,0.1625,0.285714,0.272727,0.340426,0.35,0.454545,0.305556,0.597222,0.140625,32952032,11_32952032
11,186943:73:-,A,C,0.142857,0.25,0.144737,0.0833333,0.161458,0.0714286,0.0416667,0.0390625,0.0714286,0.160714,0.194444,0.157895,0.181818,0.321429,0.166667,0.4375,0.0263158,32976451,11_32976451
11,186994:82:-,C,T,0.16129,0.323529,0.15,0.125,0.168067,0.102041,0.07,0.0454545,0.0714286,0.189189,0.195652,0.163265,0.181818,0.386364,0.236842,0.4,0.046875,33020806,11_33020806
11,187088:83:+,C,A,0.152174,0.3,0.1625,0,0.163793,0.1,0.0789474,0.0654762,0.0875,0.161765,0.211111,0.155556,0,0.263158,0.147059,0.388889,0.0172414,33106988,11_33106988
11,187105:127:+,A,T,0.244444,0.25,0.225,0.111111,0.214876,0.132653,0.121359,0.0730337,0.1625,0.205882,0.202128,0.212766,0.0454545,0.369565,0.236842,0.472222,0.0806452,33123736,11_33123736
11,187180:175:-,T,C,0.139785,0.28125,0.182927,0.166667,0.128099,0.0816327,0.0594059,0.0681818,0.0609756,0.147059,0.130435,0.145833,0,0.318182,0.138889,0.418919,0,33173976,11_33173976
11,187190:227:+,C,A,0.108434,0.214286,0.131579,0,0.105263,0.0520833,0.0423729,0.0338983,0.0454545,0.112903,0.114286,0.097561,0.0555556,0.192308,0.1,0.40625,0,33184446,11_33184446
11,187202:245:-,A,C,0.110465,0.115385,0.1125,0.0625,0.0849057,0.0416667,0.0260417,0.0243902,0.0263158,0.1,0.0428571,0.0595238,0.05,0.147059,0.0416667,0.366667,0,33190271,11_33190271
11,187202:87:-,A,C,0.150538,0.230769,0.166667,0.125,0.132231,0.07,0.0618557,0.0411765,0.0625,0.125,0.139535,0.125,0.111111,0.225,0.166667,0.430556,0.0357143,33190429,11_33190429
11,187213:202:+,C,T,0.0965909,0.142857,0.152778,0.125,0.0744681,0.0375,0.025,0.0220588,0.0135135,0.0384615,0.0555556,0.0714286,0,0.125,0.0909091,0.274194,0,33196058,11_33196058
11,187285:57:-,A,C,0.241935,0.333333,0.202381,0.0555556,0.191667,0.11,0.107843,0.0689655,0.107143,0.194444,0.1875,0.170213,0.0909091,0.340909,0.222222,0.459459,0.05,33240813,11_33240813
11,187289:200:-,G,A,0.0989011,0.142857,0.1625,0.0555556,0.0833333,0.0416667,0.0315789,0.0454545,0.0416667,0.125,0.0657895,0.0697674,0.05,0.0833333,0.0625,0.25,0,33242869,11_33242869
11,187289:43:-,G,C,0.133333,0.133333,0.182927,0.0555556,0.136792,0.0777778,0.0604396,0.0416667,0.0945946,0.140625,0.109756,0.133333,0.0555556,0.2,0.117647,0.34375,0.0625,33243026,11_33243026
11,187362:165:-,T,C,0.331522,0.366667,0.341463,0.142857,0.286957,0.22,0.25,0.160714,0.2375,0.390625,0.355556,0.425532,0.363636,0.625,0.466667,0.554054,0.166667,33309828,11_33309828
18,581251:75:+,T,A,0.274194,0.3,0.194444,0.125,0.216814,0.166667,0.161458,0.192771,0.179487,0.232143,0.15625,0.180851,0,0.470588,0.235294,0.5,0.111111,29360549,18_29360549
18,581547:213:+,G,T,0.0376344,0.03125,0.0116279,0,0.034188,0,0.0204082,0.0238095,0.0121951,0.0416667,0.0227273,0.0212766,0,0.25,0.0333333,0.414286,0.0833333,29642824,18_29642824
18,581551:175:-,C,T,0.0274725,0,0,0,0.0336134,0.0106383,0.00581395,0.0243902,0,0.0151515,0.025641,0.0108696,0,0.176471,0,0.357143,0.0555556,29644143,18_29644143
18,581655:146:-,C,A,0.0483871,0.125,0.0232558,0.111111,0.0608696,0.02,0.0505051,0.0730337,0.0243902,0.0606061,0.0581395,0.130435,0.166667,0.25,0.166667,0.397059,0.0862069,29757055,18_29757055
18,581679:213:+,G,A,0.0384615,0.09375,0,0.0625,0.0357143,0.03125,0.0289855,0.0461538,0.030303,0.078125,0.0294118,0.0666667,0,0.166667,0.0666667,0.375,0.075,29768513,18_29768513
18,581681:82:+,C,T,0.0591398,0.1875,0.0232558,0.111111,0.0702479,0.0306122,0.045,0.0755814,0.0243902,0.125,0.0729167,0.135417,0.227273,0.285714,0.157895,0.428571,0.1875,29770006,18_29770006
18,581813:104:+,C,T,0.141304,0.235294,0.171053,0.0555556,0.17094,0.141304,0.118557,0.174419,0.179487,0.117647,0.1,0.0306122,0.05,0.4,0.25,0.442857,0.25,29883545,18_29883545
18,581813:152:+,T,C,0.142857,0.21875,0.147059,0.0555556,0.169565,0.113636,0.109375,0.17284,0.166667,0.0757576,0.0833333,0.0333333,0.05,0.321429,0.222222,0.426471,0.211538,29883593,18_29883593
18,581839:24:-,T,G,0.155914,0.3,0.25,0.0555556,0.197479,0.177083,0.133663,0.193182,0.202381,0.128571,0.0957447,0.0319149,0,0.380952,0.263158,0.445946,0.283333,29925159,18_29925159
18,581866:204:-,G,A,0.260638,0.352941,0.195122,0.166667,0.245763,0.28125,0.172043,0.243902,0.207317,0.161765,0.136364,0.0744681,0.15,0.380952,0.21875,0.473684,0.351852,29951614,18_29951614
18,581893:20:+,C,T,0.203488,0.366667,0.175676,0.0625,0.149038,0.173913,0.0902778,0.181818,0.171429,0.145161,0.108108,0.047619,0.111111,0.264706,0.235294,0.453125,0.195652,29970981,18_29970981
18,581909:55:-,G,A,0.11413,0.0882353,0.142857,0.0555556,0.125,0.112245,0.0757576,0.134831,0.119048,0.0857143,0.0638298,0.03125,0.0454545,0.304348,0.25,0.455882,0.16129,29990952,18_29990952
18,582136:158:+,T,C,0.0967742,0.1875,0.109756,0,0.0882353,0.114583,0.07,0.0909091,0.171053,0.0945946,0.0555556,0.0222222,0.0454545,0.238095,0.15625,0.5,0.0454545,30230970,18_30230970
18,582136:27:+,C,T,0.0212766,0.03125,0.0487805,0,0.0333333,0.0204082,0.0194175,0.0397727,0.0714286,0.0833333,0.0625,0.0416667,0.0454545,0.25,0.184211,0.486486,0.0454545,30230839,18_30230839
18,582147:67:+,C,G,0.0168539,0,0.0357143,0,0.0280374,0.0116279,0.0121951,0.0133333,0.0322581,0.0555556,0.0348837,0.0113636,0.0454545,0,0.0714286,0.33871,0.0517241,30246247,18_30246247
18,582147:7:+,C,A,0.0222222,0,0.0465116,0,0.0280374,0.0227273,0.0121951,0.0133333,0.0322581,0.0714286,0.0348837,0.0222222,0.0454545,0.0416667,0.0714286,0.33871,0.0517241,30246187,18_30246187
18,582163:111:+,G,T,0.021978,0.0294118,0.0625,0,0.042735,0.03,0.0222222,0.0535714,0.0487805,0.111111,0.0434783,0.0319149,0,0.225,0.125,0.469697,0.0322581,30259164,18_30259164
18,582182:124:+,C,T,0.0227273,0.0588235,0.0238095,0,0.0458333,0.03,0.0306122,0.0449438,0.0625,0.0714286,0.0394737,0.0222222,0,0.176471,0.125,0.5,0.05,30273919,18_30273919
18,582182:183:+,C,T,0.0224719,0.0588235,0.0348837,0,0.0438596,0.03,0.0260417,0.0348837,0.0512821,0.0694444,0.0285714,0.0333333,0,0.147059,0.147059,0.5,0.0357143,30273978,18_30273978
18,582352:118:-,T,C,0.037234,0.0588235,0.05,0,0.0578512,0.06,0.0392157,0.0689655,0.0625,0.0972222,0.09375,0.132653,0,0.261905,0.147059,0.444444,0.0322581,30420077,18_30420077
18,582352:15:-,G,A,0.139785,0.264706,0.171053,0,0.1125,0.15,0.126316,0.145349,0.1125,0.142857,0.114583,0.142857,0,0.309524,0.277778,0.458333,0.0483871,30420180,18_30420180
18,582464:118:+,G,A,0.0384615,0.03125,0.0641026,0.0555556,0.0532787,0.06,0.0490196,0.0681818,0.075,0.111111,0.076087,0.117021,0,0.2,0.166667,0.457143,0.0517241,30553304,18_30553304
20,752431:80:+,A,C,0.351648,0.235294,0.25641,0.428571,0.318584,0.18,0.20297,0.16092,0.202381,0.128571,0.108696,0.166667,0.181818,0.136364,0.210526,0.148649,0.193548,45368475,20_45368475
20,755470:220:+,A,G,0.0164835,0.117647,0.0595238,0.0625,0.0588235,0.07,0.0729167,0.0588235,0.0609756,0.128571,0.1,0.0652174,0.111111,0.0454545,0.147059,0.0694444,0.142857,48372547,20_48372547
20,755471:219:-,A,T,0.016129,0.0625,0.1,0.0555556,0.0583333,0.07,0.0909091,0.0722222,0.0487805,0.138889,0.163043,0.0714286,0.136364,0.0681818,0.157895,0.0945946,0.177419,48372113,20_48372113
20,755497:156:-,T,G,0.0163043,0.0588235,0.102564,0.0625,0.0619835,0.07,0.0970874,0.0647059,0.0487805,0.152778,0.184783,0.0816327,0.1,0.0652174,0.176471,0.0945946,0.193548,48391658,20_48391658
20,755545:229:+,C,A,0.0215054,0.0588235,0.0875,0,0.0583333,0.07,0.0913978,0.0529412,0.0487805,0.102941,0.141304,0.0714286,0.15,0.0681818,0.157895,0.0810811,0.15625,48457218,20_48457218
20,755593:28:-,T,C,0.0215054,0.0882353,0.1625,0.0555556,0.0666667,0.0714286,0.0882353,0.0804598,0.0595238,0.157143,0.184783,0.0612245,0.136364,0.0652174,0.0882353,0.0735294,0.177419,48508308,20_48508308
20,755656:134:+,C,A,0.0271739,0.117647,0.0952381,0.0625,0.0495495,0.0510204,0.0842697,0.0670732,0.0657895,0.152778,0.146341,0.0638298,0.136364,0.05,0.131579,0.0972222,0.16,48558518,20_48558518
20,755791:222:-,A,C,0.0217391,0.0588235,0.102564,0.0625,0.0526316,0.0638298,0.0777778,0.0426829,0.0375,0.1,0.130952,0.0638298,0.15,0.0652174,0.117647,0.111111,0.172414,48709069,20_48709069
20,755821:133:-,A,G,0.0215054,0.0625,0.0853659,0.0555556,0.0614754,0.0714286,0.100962,0.0722222,0.047619,0.121622,0.166667,0.0714286,0.15,0.0652174,0.157895,0.118421,0.19697,48750634,20_48750634
20,755829:260:+,A,T,0.0108696,0.0588235,0.0853659,0.0555556,0.0578512,0.0612245,0.0722222,0.0689655,0.0394737,0.135135,0.1,0.0714286,0.0909091,0.0238095,0.09375,0.0588235,0.0769231,48762091,20_48762091
20,755843:10:-,A,G,0.0163043,0.03125,0.1,0.0625,0.0588235,0.0714286,0.078125,0.0639535,0.0625,0.132353,0.15625,0.0714286,0.136364,0.0681818,0.131579,0.0945946,0.203125,48768154,20_48768154
20,755843:106:-,C,A,0.0217391,0.03125,0.1,0.0625,0.0550847,0.0714286,0.0744681,0.0588235,0.0625,0.151515,0.144444,0.0714286,0.1,0.047619,0.131579,0.0945946,0.193548,48768058,20_48768058
20,755968:78:+,A,T,0.0271739,0.117647,0.0833333,0.0555556,0.0743802,0.076087,0.11,0.0852273,0.0595238,0.128571,0.133333,0.0744681,0.1,0.0681818,0.147059,0.1,0.166667,48872139,20_48872139
20,755993:74:+,A,C,0.0277778,0.0588235,0.116279,0.0714286,0.0585586,0.076087,0.0789474,0.0584416,0.0595238,0.138889,0.141026,0.0777778,0.111111,0.0238095,0.176471,0.0833333,0.109375,48885764,20_48885764
20,756018:136:-,T,C,0.0322581,0.0882353,0.102564,0.0555556,0.0778689,0.09,0.126214,0.0842697,0.0714286,0.128571,0.177778,0.0833333,0.15,0.0652174,0.176471,0.135135,0.171875,48911647,20_48911647
20,756042:232:-,C,A,0.0217391,0.1,0.141026,0.0555556,0.0798319,0.09,0.11,0.0862069,0.05,0.148649,0.159574,0.104167,0.111111,0.0652174,0.184211,0.1,0.177419,48931015,20_48931015
20,756051:26:-,T,G,0.0215054,0.03125,0.134146,0.0555556,0.0840336,0.09,0.11,0.0862069,0.0714286,0.138889,0.177083,0.117021,0.25,0.0652174,0.194444,0.135135,0.177419,48942364,20_48942364
20,756064:202:-,C,T,0.0319149,0.0882353,0.115385,0.0625,0.0701754,0.0869565,0.0959596,0.0681818,0.0384615,0.0735294,0.104651,0.108696,0.15,0.047619,0.1,0.106061,0.16129,48947579,20_48947579
20,756065:172:+,T,C,0.0268817,0.0625,0.0853659,0.0625,0.0726496,0.0851064,0.0795455,0.0679012,0.0375,0.109375,0.0853659,0.0888889,0.05,0.0227273,0.117647,0.106061,0.14,48948017,20_48948017
20,756065:49:+,T,C,0.0215054,0.03125,0.075,0.0625,0.0826446,0.0833333,0.0869565,0.0662651,0.05,0.121212,0.136364,0.106383,0.1,0.0217391,0.147059,0.102941,0.189655,48947894,20_48947894
20,756065:80:+,C,A,0.0215054,0.0588235,0.0853659,0.0625,0.0756303,0.0744681,0.0777778,0.0662651,0.0263158,0.121212,0.119048,0.0869565,0.1,0.0217391,0.117647,0.102941,0.178571,48947925,20_48947925
20,756097:123:+,T,G,0.0319149,0.0882353,0.121951,0.0555556,0.0805085,0.09,0.125,0.0842697,0.0526316,0.138889,0.163043,0.102041,0.222222,0.0681818,0.166667,0.131579,0.21875,48994171,20_48994171
20,756120:242:+,T,A,0.0217391,0.0333333,0.121951,0.0555556,0.0635593,0.0816327,0.105263,0.0888889,0.0365854,0.114286,0.146341,0.076087,0.15,0.025,0.147059,0.1,0.12069,49023023,20_49023023
20,756120:275:+,A,C,0.0166667,0.0333333,0.1125,0.0555556,0.0491071,0.0744681,0.0977011,0.0714286,0.025,0.114286,0.132353,0.0340909,0.0625,0.0263158,0.117647,0.0694444,0.08,49023056,20_49023056
20,756120:98:+,C,G,0.0215054,0.0357143,0.0897436,0.0555556,0.0737705,0.0918367,0.118812,0.0795455,0.0595238,0.135135,0.166667,0.09375,0.15,0.0652174,0.194444,0.111111,0.177419,49022879,20_49022879
20,756182:75:+,A,T,0.0215054,0.0588235,0.109756,0.0555556,0.0833333,0.09,0.120192,0.0804598,0.0609756,0.135135,0.208333,0.112245,0.136364,0.0869565,0.138889,0.144737,0.193548,49099783,20_49099783
20,756295:50:+,C,T,0.0215054,0.0333333,0.0714286,0.0555556,0.0819672,0.0714286,0.078125,0.0852273,0.0365854,0.135135,0.117021,0.0888889,0.15,0.0434783,0.176471,0.0945946,0.112903,49212402,20_49212402
20,756417:18:-,G,A,0.0268817,0.0333333,0.0897436,0.111111,0.0791667,0.09,0.123762,0.0852273,0.0731707,0.125,0.173913,0.102041,0.15,0.0652174,0.210526,0.118421,0.166667,49389928,20_49389928
20,756447:27:-,G,T,0.233333,0.15625,0.146341,0.1875,0.169565,0.112245,0.0918367,0.0804598,0.0512821,0.0735294,0.0416667,0.0729167,0.181818,0.0434783,0.117647,0.0526316,0.0645161,49406115,20_49406115
20,756459:212:-,C,T,0.0215054,0.0714286,0.0731707,0.0555556,0.0732759,0.0816327,0.0802469,0.0632911,0.0384615,0.121622,0.119048,0.0957447,0.15,0.0454545,0.166667,0.125,0.160714,49415490,20_49415490
20,756484:56:-,C,T,0.0376344,0.0625,0.1125,0.0555556,0.0942623,0.09,0.122549,0.0944444,0.107143,0.138889,0.177778,0.0918367,0.2,0.0652174,0.166667,0.121622,0.21875,49441530,20_49441530
20,756491:266:-,T,C,0.016129,0,0.097561,0.0625,0.0657895,0.0816327,0.0959596,0.0581395,0.0487805,0.135135,0.139535,0.104167,0.1,0.0652174,0.166667,0.0921053,0.160714,49451826,20_49451826
20,756503:109:-,T,C,0.0217391,0.0625,0.118421,0.0555556,0.075,0.09,0.114583,0.0813953,0.0609756,0.135135,0.180851,0.0918367,0.166667,0.0652174,0.176471,0.135135,0.203125,49463433,20_49463433
20,756525:79:+,G,A,0.0222222,0.1,0.105263,0.0625,0.0769231,0.09,0.104396,0.0764706,0.0714286,0.138889,0.166667,0.104167,0.227273,0.0434783,0.147059,0.111111,0.193548,49481108,20_49481108
20,756642:111:+,C,T,0.0319149,0.0333333,0.0875,0.0555556,0.0833333,0.0918367,0.120192,0.0888889,0.0714286,0.121622,0.184783,0.102041,0.181818,0.0652174,0.205882,0.108108,0.203125,49584522,20_49584522
20,756642:277:+,A,G,0.0217391,0.0333333,0.109756,0.0625,0.0657895,0.0652174,0.0955056,0.0654762,0.075,0.102941,0.0945946,0.0777778,0.136364,0.0434783,0.1875,0.0972222,0.12069,49584688,20_49584688
20,756653:256:-,C,T,0.0215054,0.147059,0.0833333,0.0625,0.0758929,0.08,0.126374,0.0705882,0.0714286,0.132353,0.152174,0.1,0.227273,0.075,0.157895,0.105263,0.112903,49591209,20_49591209
20,756732:110:-,G,A,0.0215054,0.117647,0.153846,0.0714286,0.0840336,0.08,0.107143,0.0882353,0.0365854,0.121622,0.166667,0.106383,0.181818,0.0652174,0.147059,0.0857143,0.203125,49656189,20_49656189
20,756778:216:-,A,C,0.0265957,0.0882353,0.125,0.0555556,0.0860656,0.0816327,0.121053,0.091954,0.0595238,0.152778,0.155556,0.117021,0.227273,0.047619,0.15625,0.180556,0.193548,49706976,20_49706976
20,756998:188:-,A,C,0.247312,0.125,0.128205,0.222222,0.163793,0.11,0.0980392,0.0730337,0.0853659,0.0588235,0.0416667,0.0625,0.0909091,0.0454545,0.0789474,0.0526316,0.0909091,49920425,20_49920425
20,757215:276:-,G,A,0.0174419,0.09375,0.1125,0,0.046729,0.0813953,0.101266,0.0540541,0.0263158,0.137931,0.128205,0.0625,0.111111,0.0789474,0.125,0.0945946,0.189655,50148866,20_50148866
20,757373:54:+,G,A,0.0337079,0.0625,0.108108,0.0714286,0.0608696,0.0930233,0.104651,0.0822785,0.05,0.112903,0.0945946,0.0813953,0.0909091,0.025,0.2,0.102941,0.125,50323766,20_50323766
20,757449:53:+,G,C,0.0168539,0.0588235,0.105263,0.0555556,0.0585586,0.0851064,0.138889,0.0542169,0.0625,0.1,0.102564,0.0681818,0.15,0,0.131579,0.0857143,0.142857,50383389,20_50383389
20,757601:88:+,G,T,0.0319149,0.0588235,0.142857,0.0555556,0.0819672,0.09,0.121359,0.0786517,0.0714286,0.125,0.152174,0.09375,0.181818,0.0454545,0.194444,0.1,0.15625,50567668,20_50567668
20,757827:11:+,G,A,0.0319149,0.0882353,0.131579,0.0555556,0.0860656,0.09,0.121359,0.0842697,0.0714286,0.121622,0.130435,0.102041,0.227273,0.0652174,0.205882,0.108108,0.181818,50741650,20_50741650
20,757985:115:-,C,A,0.0333333,0.117647,0.121951,0.0625,0.0652174,0.0531915,0.11413,0.0864198,0.047619,0.108108,0.144444,0.0869565,0.181818,0.0434783,0.166667,0.0714286,0.2,50914878,20_50914878
20,757985:147:-,A,C,0.0280899,0.0666667,0.0921053,0.0625,0.0518868,0.0652174,0.0941176,0.0769231,0.0384615,0.0735294,0.097561,0.0813953,0.1,0.0227273,0.142857,0.0857143,0.12,50914846,20_50914846
20,757985:161:-,T,A,0.0280899,0.0666667,0.0945946,0.0625,0.0550459,0.0652174,0.0930233,0.0779221,0.025641,0.0735294,0.119048,0.0795455,0.15,0.0227273,0.133333,0.0857143,0.134615,50914832,20_50914832
20,758005:163:+,C,T,0.0319149,0.0882353,0.131579,0.0555556,0.0785124,0.0833333,0.113861,0.0764706,0.05,0.121622,0.130435,0.0833333,0.2,0.0434783,0.147059,0.111111,0.151515,50927016,20_50927016
20,758053:111:-,C,G,0.0333333,0.0588235,0.210526,0.0625,0.0863636,0.09375,0.126506,0.0783133,0.0555556,0.15625,0.138889,0.117021,0.2,0.0652174,0.346154,0.185714,0.2,50972242,20_50972242
20,758053:33:-,G,A,0.0384615,0.0588235,0.2125,0.0625,0.0982143,0.102041,0.143678,0.0833333,0.0769231,0.15625,0.148649,0.117021,0.2,0.0652174,0.352941,0.202703,0.211538,50972320,20_50972320
20,758058:118:+,T,A,0.0319149,0.0666667,0.115385,0.0555556,0.0791667,0.09,0.121359,0.0833333,0.0595238,0.135135,0.152174,0.102041,0.2,0.0434783,0.222222,0.125,0.181818,50979125,20_50979125
20,758058:119:+,C,T,0.0319149,0.0666667,0.115385,0.0555556,0.0791667,0.09,0.121359,0.0777778,0.0609756,0.135135,0.144444,0.102041,0.2,0.0434783,0.222222,0.144737,0.181818,50979126,20_50979126
20,758059:159:-,C,A,0.0224719,0.117647,0.1125,0.0625,0.0727273,0.0638298,0.0904255,0.0679012,0.0131579,0.109375,0.119048,0.0681818,0.15,0,0.105263,0.0857143,0.14,50978853,20_50978853
20,758066:171:+,T,G,0.0319149,0.0882353,0.107143,0.0555556,0.0778689,0.08,0.123762,0.0888889,0.0731707,0.121622,0.127907,0.102041,0.227273,0.0681818,0.194444,0.118421,0.140625,50992887,20_50992887
20,758066:205:+,A,G,0.0319149,0.0588235,0.1125,0.0555556,0.075,0.09,0.112245,0.0888889,0.0487805,0.121622,0.147727,0.076087,0.1,0.0681818,0.25,0.121622,0.151515,50992921,20_50992921
20,758069:170:+,G,T,0.468085,0.323529,0.380952,0.4375,0.504386,0.375,0.403226,0.331395,0.368421,0.279412,0.280488,0.234043,0.318182,0.25,0.40625,0.243243,0.384615,50996863,20_50996863
20,758108:189:-,T,C,0.0319149,0.0588235,0.125,0.0555556,0.0785124,0.08,0.118812,0.0842697,0.0384615,0.132353,0.104651,0.09375,0.136364,0.0681818,0.15625,0.125,0.133333,51029405,20_51029405
20,758108:7:-,T,C,0.0215054,0.0588235,0.134146,0.0555556,0.0819672,0.08,0.122549,0.0888889,0.0487805,0.142857,0.141304,0.09375,0.136364,0.0434783,0.176471,0.138889,0.166667,51029587,20_51029587
20,758148:62:+,A,T,0.0163043,0.0625,0.097561,0.0555556,0.0646552,0.0795455,0.0894737,0.0786517,0.0454545,0.0666667,0.153846,0.0641026,0.1,0,0.166667,0.0833333,0.116667,51070638,20_51070638
20,758247:129:+,T,A,0.0217391,0.0882353,0.118421,0.111111,0.0694444,0.0813953,0.101124,0.0759494,0.027027,0.125,0.130952,0.0952381,0.1,0.0277778,0.15625,0.0833333,0.129032,51150656,20_51150656
20,758285:269:+,T,A,0.0217391,0.147059,0.127907,0.0555556,0.0714286,0.09,0.104396,0.0813953,0.025641,0.1,0.147727,0.104167,0.15,0.0227273,0.138889,0.0810811,0.140625,51178694,20_51178694
20,758285:281:+,T,G,0.021978,0.147059,0.116279,0.0555556,0.0585586,0.0729167,0.0792683,0.0609756,0.0135135,0.0735294,0.0833333,0.0681818,0.111111,0.0227273,0.0625,0.0694444,0.1,51178706,20_51178706
20,758335:50:+,C,A,0.021978,0.117647,0.1125,0.0555556,0.0791667,0.0816327,0.115385,0.0888889,0.0714286,0.121622,0.113636,0.09375,0.15,0.0434783,0.1875,0.131579,0.177419,51225042,20_51225042
20,758591:237:-,T,C,0.0215054,0.03125,0.121622,0.0555556,0.0720339,0.0918367,0.114583,0.0804598,0.0375,0.117647,0.141304,0.09375,0.136364,0.0454545,0.194444,0.0972222,0.166667,51475524,20_51475524
20,758731:39:+,A,G,0.0268817,0.117647,0.1625,0.0555556,0.0791667,0.09,0.120192,0.0842697,0.0595238,0.138889,0.159574,0.104167,0.181818,0.0454545,0.210526,0.118421,0.181818,51637421,20_51637421
20,758748:145:-,C,T,0.010989,0.0588235,0.097561,0.0555556,0.0791667,0.09,0.108247,0.0909091,0.0657895,0.0833333,0.102273,0.0851064,0.25,0.0434783,0.166667,0.108108,0.103448,51648713,20_51648713
20,758796:164:-,A,C,0.0217391,0.0882353,0.1,0,0.0652174,0.0816327,0.102151,0.0823529,0.027027,0.09375,0.136364,0.0652174,0.136364,0.047619,0.0357143,0.0882353,0.12963,51709207,20_51709207
20,759035:234:-,C,G,0.0271739,0.0588235,0.0833333,0.0714286,0.0539216,0.0957447,0.0909091,0.0696203,0.0512821,0.128571,0.115385,0.1,0.166667,0.05,0.147059,0.125,0.104167,51962042,20_51962042
20,759042:111:+,T,C,0.0164835,0.0588235,0.134146,0.0555556,0.0762712,0.0851064,0.115385,0.0853659,0.0365854,0.0909091,0.102273,0.0851064,0.15,0.0238095,0.184211,0.0972222,0.125,51967133,20_51967133
20,759091:73:+,A,G,0.0322581,0.0882353,0.107143,0.0555556,0.0826446,0.09,0.121359,0.0888889,0.0714286,0.135135,0.147727,0.104167,0.15,0.0434783,0.236842,0.148649,0.1875,52022027,20_52022027
20,759110:148:+,A,T,0.0224719,0,0.0972222,0.0625,0.0721154,0.0918367,0.10274,0.06,0.0285714,0.125,0.0909091,0.0735294,0.125,0.0294118,0.176471,0.0882353,0.130435,52039781,20_52039781
20,759474:251:+,G,T,0.0164835,0.0882353,0.075,0.0555556,0.0727273,0.0918367,0.0989011,0.0755814,0.0384615,0.121622,0.109756,0.0816327,0.227273,0.05,0.117647,0.138889,0.125,52397999,20_52397999
20,759505:106:-,C,A,0.483516,0.34375,0.353659,0.4375,0.486842,0.357143,0.385057,0.348684,0.364865,0.279412,0.308511,0.233333,0.25,0.309524,0.441176,0.25,0.375,52442175,20_52442175
20,759506:98:+,G,T,0.0265957,0.117647,0.119048,0.0555556,0.075,0.0918367,0.101064,0.0795455,0.0125,0.138889,0.147727,0.0957447,0.15,0.0454545,0.138889,0.0945946,0.16129,52442600,20_52442600
20,759524:202:-,G,A,0.021978,0.0588235,0.115385,0.0625,0.0677966,0.0957447,0.09375,0.08125,0.0487805,0.117647,0.111111,0.0833333,0.181818,0.0652174,0.138889,0.0972222,0.172414,52453490,20_52453490
20,759577:45:-,C,T,0.182796,0.0333333,0.075,0.222222,0.106838,0.102041,0.0392157,0.0393258,0.0731707,0.0571429,0.0568182,0.0208333,0.0909091,0.0227273,0.105263,0,0.016129,52510788,20_52510788
20,759588:154:-,G,C,0.0215054,0.0588235,0.0875,0.0555556,0.0661157,0.0816327,0.09375,0.0747126,0.047619,0.0882353,0.125,0.0851064,0.0625,0.0434783,0.147059,0.118421,0.129032,52522956,20_52522956
20,759588:72:-,G,T,0.190217,0.0625,0.102564,0.166667,0.119835,0.11,0.0485437,0.0388889,0.0595238,0.0441176,0.0416667,0.0306122,0.0454545,0.0434783,0.105263,0,0.046875,52523038,20_52523038
20,759654:247:-,A,C,0.0215054,0.0588235,0.115385,0.0555556,0.0720339,0.08,0.09,0.077381,0.0595238,0.125,0.152174,0.102041,0.136364,0.0227273,0.194444,0.105263,0.178571,52574003,20_52574003
20,759933:244:-,G,T,0.0322581,0.0882353,0.154762,0.0625,0.0805085,0.102041,0.135,0.0952381,0.025,0.117647,0.0777778,0.0833333,0.15,0.047619,0.147059,0.121622,0.116667,52905930,20_52905930
20,759969:187:-,C,T,0.0265957,0.0588235,0.127907,0.0625,0.0743802,0.09,0.116162,0.0888889,0.0625,0.121622,0.159574,0.104167,0.166667,0.0227273,0.210526,0.1,0.181818,52947398,20_52947398
20,760566:60:-,C,T,0.231183,0.0588235,0.121951,0.222222,0.175,0.12,0.0582524,0.0561798,0.0714286,0.0972222,0.0652174,0.0204082,0.0454545,0.0434783,0.111111,0.0263158,0.016129,53514005,20_53514005
20,760634:114:+,G,C,0.488764,0.34375,0.397436,0.444444,0.495652,0.322917,0.381443,0.302326,0.333333,0.308824,0.3125,0.244681,0.272727,0.227273,0.447368,0.263889,0.4,53569263,20_53569263
20,760837:124:-,T,G,0.47619,0.346154,0.342857,0.5,0.494845,0.304348,0.387097,0.343284,0.257576,0.290323,0.333333,0.279412,0.227273,0.263158,0.4,0.205882,0.369565,53836641,20_53836641
